{
  "top_10_features": {
    "nomor_zona": 0.002000535589859515,
    "jenis_penggunaan_lahan_encoded": 0.0022156450324663825,
    "jarak_jalan_utama_m": 0.008732781903935198,
    "kemiringan_lereng_persen": 0.013156907222276857,
    "jarak_sekolah_m": 0.020866419435426824,
    "status_air_bersih": 0.058128653854786425,
    "kepadatan_penduduk_km2": 0.13445786858574535,
    "luas_zona_m2": 0.14115956385607456,
    "jarak_puskesmas_m": 0.2800658201318351,
    "jarak_pasar_m": 0.3322062066882473
  },
  "category_importance": {
    "Geografis": 0.01582361572218732,
    "Zona": 0.1464554044380395,
    "Jarak": 0.6438169788020763,
    "Infrastruktur": 0.05889540424446926,
    "Demografi": 0.13445786858574535,
    "Temporal": 0.0003715993027223697
  },
  "all_features_importance": {
    "status_listrik": 3.6598585604011594e-06,
    "aksesibilitas_kategori_encoded": 9.715977482334555e-05,
    "jarak_pusat_kategori_encoded": 0.00017912890475976559,
    "tahun_data": 0.0003715993027223697,
    "koordinat_longitude": 0.0005329406826675835,
    "aksesibilitas_skor": 0.0006659307562990935,
    "koordinat_latitude": 0.0008472262125968146,
    "nama_kelurahan_encoded": 0.0010796599596390461,
    "elevasi_mdpl": 0.0012865416046460637,
    "jarak_pusat_kota_km": 0.0019457506426318692,
    "nomor_zona": 0.002000535589859515,
    "jenis_penggunaan_lahan_encoded": 0.0022156450324663825,
    "jarak_jalan_utama_m": 0.008732781903935198,
    "kemiringan_lereng_persen": 0.013156907222276857,
    "jarak_sekolah_m": 0.020866419435426824,
    "status_air_bersih": 0.058128653854786425,
    "kepadatan_penduduk_km2": 0.13445786858574535,
    "luas_zona_m2": 0.14115956385607456,
    "jarak_puskesmas_m": 0.2800658201318351,
    "jarak_pasar_m": 0.3322062066882473
  }
}